{
    "name": "root",
    "gauges": {
        "RealCarTest.Policy.Entropy.mean": {
            "value": 1.418404221534729,
            "min": 1.418404221534729,
            "max": 1.418404221534729,
            "count": 1
        },
        "RealCarTest.Policy.Entropy.sum": {
            "value": 14193.970703125,
            "min": 14193.970703125,
            "max": 14193.970703125,
            "count": 1
        },
        "RealCarTest.Step.mean": {
            "value": 9996.0,
            "min": 9996.0,
            "max": 9996.0,
            "count": 1
        },
        "RealCarTest.Step.sum": {
            "value": 9996.0,
            "min": 9996.0,
            "max": 9996.0,
            "count": 1
        },
        "RealCarTest.Policy.ExtrinsicValueEstimate.mean": {
            "value": -7.466985698556527e-05,
            "min": -7.466985698556527e-05,
            "max": -7.466985698556527e-05,
            "count": 1
        },
        "RealCarTest.Policy.ExtrinsicValueEstimate.sum": {
            "value": -0.005898918490856886,
            "min": -0.005898918490856886,
            "max": -0.005898918490856886,
            "count": 1
        },
        "RealCarTest.Environment.EpisodeLength.mean": {
            "value": 5002.5,
            "min": 5002.5,
            "max": 5002.5,
            "count": 1
        },
        "RealCarTest.Environment.EpisodeLength.sum": {
            "value": 10005.0,
            "min": 10005.0,
            "max": 10005.0,
            "count": 1
        },
        "RealCarTest.Environment.CumulativeReward.mean": {
            "value": 0.0,
            "min": 0.0,
            "max": 0.0,
            "count": 1
        },
        "RealCarTest.Environment.CumulativeReward.sum": {
            "value": 0.0,
            "min": 0.0,
            "max": 0.0,
            "count": 1
        },
        "RealCarTest.Policy.ExtrinsicReward.mean": {
            "value": 0.0,
            "min": 0.0,
            "max": 0.0,
            "count": 1
        },
        "RealCarTest.Policy.ExtrinsicReward.sum": {
            "value": 0.0,
            "min": 0.0,
            "max": 0.0,
            "count": 1
        },
        "RealCarTest.Losses.PolicyLoss.mean": {
            "value": 0.022137217711861012,
            "min": 0.022137217711861012,
            "max": 0.022137217711861012,
            "count": 1
        },
        "RealCarTest.Losses.PolicyLoss.sum": {
            "value": 0.022137217711861012,
            "min": 0.022137217711861012,
            "max": 0.022137217711861012,
            "count": 1
        },
        "RealCarTest.Losses.ValueLoss.mean": {
            "value": 0.0009144914553004923,
            "min": 0.0009144914553004923,
            "max": 0.0009144914553004923,
            "count": 1
        },
        "RealCarTest.Losses.ValueLoss.sum": {
            "value": 0.0009144914553004923,
            "min": 0.0009144914553004923,
            "max": 0.0009144914553004923,
            "count": 1
        },
        "RealCarTest.Policy.LearningRate.mean": {
            "value": 0.00024958980016408,
            "min": 0.00024958980016408,
            "max": 0.00024958980016408,
            "count": 1
        },
        "RealCarTest.Policy.LearningRate.sum": {
            "value": 0.00024958980016408,
            "min": 0.00024958980016408,
            "max": 0.00024958980016408,
            "count": 1
        },
        "RealCarTest.Policy.Epsilon.mean": {
            "value": 0.19983592,
            "min": 0.19983592,
            "max": 0.19983592,
            "count": 1
        },
        "RealCarTest.Policy.Epsilon.sum": {
            "value": 0.19983592,
            "min": 0.19983592,
            "max": 0.19983592,
            "count": 1
        },
        "RealCarTest.Policy.Beta.mean": {
            "value": 0.004991812408,
            "min": 0.004991812408,
            "max": 0.004991812408,
            "count": 1
        },
        "RealCarTest.Policy.Beta.sum": {
            "value": 0.004991812408,
            "min": 0.004991812408,
            "max": 0.004991812408,
            "count": 1
        },
        "RealCarTest.IsTraining.mean": {
            "value": 1.0,
            "min": 1.0,
            "max": 1.0,
            "count": 1
        },
        "RealCarTest.IsTraining.sum": {
            "value": 1.0,
            "min": 1.0,
            "max": 1.0,
            "count": 1
        }
    },
    "metadata": {
        "timer_format_version": "0.1.0",
        "start_time_seconds": "1763628478",
        "python_version": "3.10.12 | packaged by Anaconda, Inc. | (main, Jul  5 2023, 19:01:18) [MSC v.1916 64 bit (AMD64)]",
        "command_line_arguments": "C:\\Users\\IFR_25\\.conda\\envs\\IFR_mlagents\\Scripts\\mlagents-learn ML-Agents/Config/RealCarTest.yaml --run-id=RealCarTEST1120 --force --results-dir D:/XiaoYiFei/Project/Unity/XYF_Car_Test/Assets/ML-Agents/Results",
        "mlagents_version": "1.1.0",
        "mlagents_envs_version": "1.1.0",
        "communication_protocol_version": "1.5.0",
        "pytorch_version": "2.2.1+cpu",
        "numpy_version": "1.23.5",
        "end_time_seconds": "1763628644"
    },
    "total": 166.15672030000133,
    "count": 1,
    "self": 0.010409600014099851,
    "children": {
        "run_training.setup": {
            "total": 0.13191279998864047,
            "count": 1,
            "self": 0.13191279998864047
        },
        "TrainerController.start_learning": {
            "total": 166.01439789999858,
            "count": 1,
            "self": 0.3399017994233873,
            "children": {
                "TrainerController._reset_env": {
                    "total": 7.849207499995828,
                    "count": 1,
                    "self": 7.849207499995828
                },
                "TrainerController.advance": {
                    "total": 157.62681870060624,
                    "count": 15534,
                    "self": 0.32935950471437536,
                    "children": {
                        "env_step": {
                            "total": 152.21818939648801,
                            "count": 15534,
                            "self": 137.08826429516193,
                            "children": {
                                "SubprocessEnvManager._take_step": {
                                    "total": 14.901154101389693,
                                    "count": 15534,
                                    "self": 0.926242899033241,
                                    "children": {
                                        "TorchPolicy.evaluate": {
                                            "total": 13.974911202356452,
                                            "count": 15534,
                                            "self": 13.974911202356452
                                        }
                                    }
                                },
                                "workers": {
                                    "total": 0.22877099993638694,
                                    "count": 15533,
                                    "self": 0.0,
                                    "children": {
                                        "worker_root": {
                                            "total": 95.57468860273366,
                                            "count": 15533,
                                            "is_parallel": true,
                                            "self": 35.8576883051428,
                                            "children": {
                                                "steps_from_proto": {
                                                    "total": 0.0002707999956328422,
                                                    "count": 1,
                                                    "is_parallel": true,
                                                    "self": 0.00011029996676370502,