{
    "name": "root",
    "metadata": {
        "timer_format_version": "0.1.0",
        "start_time_seconds": "1764660808",
        "python_version": "3.10.12 | packaged by Anaconda, Inc. | (main, Jul  5 2023, 19:01:18) [MSC v.1916 64 bit (AMD64)]",
        "command_line_arguments": "C:\\Users\\IFR_25\\.conda\\envs\\IFR_mlagents\\Scripts\\mlagents-learn ML-Agents/Config/RealCarTest.yaml --run-id=RealCarTEST1120 --force --results-dir D:/XiaoYiFei/Project/Unity/XYF_Car_Test/Assets/ML-Agents/Results",
        "mlagents_version": "1.1.0",
        "mlagents_envs_version": "1.1.0",
        "communication_protocol_version": "1.5.0",
        "pytorch_version": "2.2.1+cpu",
        "numpy_version": "1.23.5",
        "end_time_seconds": "1764660923"
    },
    "total": 114.65166829999998,
    "count": 1,
    "self": 0.007005399999798101,
    "children": {
        "run_training.setup": {
            "total": 0.13303110000015295,
            "count": 1,
            "self": 0.13303110000015295
        },
        "TrainerController.start_learning": {
            "total": 114.51163180000003,
            "count": 1,
            "self": 0.05676010000888709,
            "children": {
                "TrainerController._reset_env": {
                    "total": 33.342032200000176,
                    "count": 1,
                    "self": 33.342032200000176
                },
                "TrainerController.advance": {
                    "total": 80.95784629999116,
                    "count": 2717,
                    "self": 0.058003999982702226,
                    "children": {
                        "env_step": {
                            "total": 80.61381950001078,
                            "count": 2717,
                            "self": 77.99911600002042,
                            "children": {
                                "SubprocessEnvManager._take_step": {
                                    "total": 2.576466599995456,
                                    "count": 2717,
                                    "self": 0.15759679999018772,
                                    "children": {
                                        "TorchPolicy.evaluate": {
                                            "total": 2.418869800005268,
                                            "count": 2717,
                                            "self": 2.418869800005268
                                        }
                                    }
                                },
                                "workers": {
                                    "total": 0.03823689999489943,
                                    "count": 2716,
                                    "self": 0.0,
                                    "children": {
                                        "worker_root": {
                                            "total": 19.04075340000327,
                                            "count": 2716,
                                            "is_parallel": true,
                                            "self": 6.405659000009109,
                                            "children": {
                                                "steps_from_proto": {
                                                    "total": 0.0002772000002551067,
                                                    "count": 1,
                                                    "is_parallel": true,
                                                    "self": 0.00011080000012952951,
                                                    "children": {
                                                        "_process_rank_one_or_two_observation": {
                                                            "total": 0.0001664000001255772,
                                                            "count": 2,
                                                            "is_parallel": true,
                                                            "self": 0.0001664000001255772
                                                        }
                                                    }
                                                },
                                                "UnityEnvironment.step": {
                                                    "total": 12.634817199993904,
                                                    "count": 2716,
                                                    "is_parallel": true,
                                                    "self": 0.18474109993803722,
                                                    "children": {
                                                        "UnityEnvironment._generate_step_input": {
                                                            "total": 0.14071540002623806,
                                                            "count": 2716,
                                                            "is_parallel": true,
                                                            "self": 0.14071540002623806
                                                        },
                                                        "communicator.exchange": {
                                                            "total": 11.89501700001847,
                                                            "count": 2716,
                                                            "is_parallel": true,
                                                            "self": 11.89501700001847
                                                        },
                                                        "steps_from_proto": {
                                                            "total": 0.41434370001115894,
                                                            "count": 2716,
                                                            "is_parallel": true,
                                                            "self": 0.22804830000677612,
                                                            "children": {
                                                                "_process_rank_one_or_two_observation": {
                                                                    "total": 0.18629540000438283,
                                                                    "count": 5432,
                                                                    "is_parallel": true,
                                                                    "self": 0.18629540000438283
                                                                }
                                                            }
                                                        }
                                                    }
                                                }
                                            }
                                        }
                                    }
                                }
                            }
                        },
                        "trainer_advance": {
                            "total": 0.28602279999768143,
                            "count": 2716,
                            "self": 0.05583220000653455,
                            "children": {
                                "process_trajectory": {
                                    "total": 0.23019059999114688,
                                    "count": 2716,
                                    "self": 0.23019059999114688
                                }
                            }
                        }
                    }
                },
                "TrainerController._save_models": {
                    "total": 0.15499319999980798,
                    "count": 1,
                    "self": 0.010851399999410205,